transaction_id,from_account,to_account,amount,timestamp,channel,is_fraud
TXN00001,ACC0052,ACC0076,8943,2024-01-01 00:00:00,RTGS,0
TXN00002,ACC0093,ACC0026,50000,2024-01-01 00:30:00,NEFT,0
TXN00003,ACC0015,ACC0016,8943,2024-01-01 01:00:00,NEFT,0
TXN00004,ACC0072,ACC0051,50000,2024-01-01 01:30:00,UPI,1
TXN00005,ACC0061,ACC0086,8943,2024-01-01 02:00:00,IMPS,1
TXN00006,ACC0021,ACC0057,8943,2024-01-01 02:30:00,UPI,0
TXN00007,ACC0083,ACC0029,50000,2024-01-01 03:00:00,RTGS,0
TXN00008,ACC0087,ACC0078,50000,2024-01-01 03:30:00,IMPS,0
TXN00009,ACC0075,ACC0092,50000,2024-01-01 04:00:00,NEFT,0
TXN00010,ACC0075,ACC0069,50000,2024-01-01 04:30:00,IMPS,0
TXN00011,ACC0088,ACC0047,50000,2024-01-01 05:00:00,NEFT,0
TXN00012,ACC0100,ACC0094,8943,2024-01-01 05:30:00,IMPS,0
TXN00013,ACC0024,ACC0062,50000,2024-01-01 06:00:00,IMPS,0
TXN00014,ACC0003,ACC0069,8943,2024-01-01 06:30:00,IMPS,0
TXN00015,ACC0022,ACC0076,8943,2024-01-01 07:00:00,RTGS,0
TXN00016,ACC0053,ACC0016,50000,2024-01-01 07:30:00,RTGS,0
TXN00017,ACC0002,ACC0090,8943,2024-01-01 08:00:00,UPI,0
TXN00018,ACC0088,ACC0090,8943,2024-01-01 08:30:00,UPI,1
TXN00019,ACC0030,ACC0048,8943,2024-01-01 09:00:00,NEFT,0
TXN00020,ACC0038,ACC0085,8943,2024-01-01 09:30:00,RTGS,0
TXN00021,ACC0002,ACC0039,50000,2024-01-01 10:00:00,NEFT,0
TXN00022,ACC0064,ACC0100,8943,2024-01-01 10:30:00,UPI,0
TXN00023,ACC0060,ACC0033,50000,2024-01-01 11:00:00,NEFT,0
TXN00024,ACC0021,ACC0094,50000,2024-01-01 11:30:00,UPI,0
TXN00025,ACC0033,ACC0023,8943,2024-01-01 12:00:00,RTGS,0
TXN00026,ACC0076,ACC0010,50000,2024-01-01 12:30:00,IMPS,0
TXN00027,ACC0058,ACC0069,50000,2024-01-01 13:00:00,RTGS,1
TXN00028,ACC0022,ACC0100,50000,2024-01-01 13:30:00,NEFT,0
TXN00029,ACC0089,ACC0034,8943,2024-01-01 14:00:00,NEFT,0
TXN00030,ACC0049,ACC0052,50000,2024-01-01 14:30:00,RTGS,1
TXN00031,ACC0091,ACC0095,50000,2024-01-01 15:00:00,RTGS,0
TXN00032,ACC0059,ACC0010,50000,2024-01-01 15:30:00,UPI,1
TXN00033,ACC0042,ACC0019,8943,2024-01-01 16:00:00,NEFT,0
TXN00034,ACC0092,ACC0058,50000,2024-01-01 16:30:00,NEFT,0
TXN00035,ACC0060,ACC0096,8943,2024-01-01 17:00:00,RTGS,0
TXN00036,ACC0080,ACC0001,8943,2024-01-01 17:30:00,IMPS,0
TXN00037,ACC0015,ACC0069,8943,2024-01-01 18:00:00,NEFT,0
TXN00038,ACC0062,ACC0004,8943,2024-01-01 18:30:00,IMPS,0
TXN00039,ACC0062,ACC0016,8943,2024-01-01 19:00:00,RTGS,0
TXN00040,ACC0047,ACC0024,8943,2024-01-01 19:30:00,RTGS,0
TXN00041,ACC0062,ACC0080,50000,2024-01-01 20:00:00,UPI,0
TXN00042,ACC0051,ACC0002,8943,2024-01-01 20:30:00,NEFT,1
TXN00043,ACC0055,ACC0092,50000,2024-01-01 21:00:00,IMPS,1
TXN00044,ACC0064,ACC0032,50000,2024-01-01 21:30:00,UPI,1
TXN00045,ACC0003,ACC0091,8943,2024-01-01 22:00:00,NEFT,0
TXN00046,ACC0051,ACC0084,50000,2024-01-01 22:30:00,UPI,0
TXN00047,ACC0007,ACC0024,50000,2024-01-01 23:00:00,RTGS,0
TXN00048,ACC0021,ACC0012,50000,2024-01-01 23:30:00,NEFT,0
TXN00049,ACC0073,ACC0050,50000,2024-01-02 00:00:00,UPI,0
TXN00050,ACC0039,ACC0035,8943,2024-01-02 00:30:00,UPI,0
TXN00051,ACC0018,ACC0033,50000,2024-01-02 01:00:00,IMPS,0
TXN00052,ACC0004,ACC0033,8943,2024-01-02 01:30:00,UPI,0
TXN00053,ACC0089,ACC0061,50000,2024-01-02 02:00:00,NEFT,0
TXN00054,ACC0060,ACC0051,50000,2024-01-02 02:30:00,NEFT,0
TXN00055,ACC0014,ACC0043,8943,2024-01-02 03:00:00,IMPS,0
TXN00056,ACC0009,ACC0012,50000,2024-01-02 03:30:00,NEFT,1
TXN00057,ACC0090,ACC0067,50000,2024-01-02 04:00:00,RTGS,0
TXN00058,ACC0053,ACC0065,50000,2024-01-02 04:30:00,NEFT,0
TXN00059,ACC0002,ACC0033,8943,2024-01-02 05:00:00,NEFT,0
TXN00060,ACC0084,ACC0040,50000,2024-01-02 05:30:00,UPI,0
TXN00061,ACC0092,ACC0074,8943,2024-01-02 06:00:00,UPI,0
TXN00062,ACC0060,ACC0043,50000,2024-01-02 06:30:00,NEFT,0
TXN00063,ACC0071,ACC0044,8943,2024-01-02 07:00:00,IMPS,0
TXN00064,ACC0044,ACC0029,8943,2024-01-02 07:30:00,UPI,0
TXN00065,ACC0008,ACC0013,50000,2024-01-02 08:00:00,IMPS,0
TXN00066,ACC0047,ACC0012,50000,2024-01-02 08:30:00,NEFT,0
TXN00067,ACC0035,ACC0095,8943,2024-01-02 09:00:00,NEFT,1
TXN00068,ACC0078,ACC0046,8943,2024-01-02 09:30:00,RTGS,0
TXN00069,ACC0081,ACC0002,50000,2024-01-02 10:00:00,UPI,0
TXN00070,ACC0036,ACC0035,8943,2024-01-02 10:30:00,NEFT,1
TXN00071,ACC0050,ACC0087,50000,2024-01-02 11:00:00,RTGS,0
TXN00072,ACC0004,ACC0081,50000,2024-01-02 11:30:00,UPI,0
TXN00073,ACC0002,ACC0090,50000,2024-01-02 12:00:00,NEFT,0
TXN00074,ACC0006,ACC0008,50000,2024-01-02 12:30:00,NEFT,0
TXN00075,ACC0054,ACC0093,8943,2024-01-02 13:00:00,UPI,1
TXN00076,ACC0004,ACC0026,50000,2024-01-02 13:30:00,UPI,0
TXN00077,ACC0054,ACC0074,8943,2024-01-02 14:00:00,UPI,1
TXN00078,ACC0093,ACC0090,50000,2024-01-02 14:30:00,NEFT,0
TXN00079,ACC0063,ACC0034,8943,2024-01-02 15:00:00,NEFT,0
TXN00080,ACC0018,ACC0007,50000,2024-01-02 15:30:00,RTGS,0
TXN00081,ACC0090,ACC0068,8943,2024-01-02 16:00:00,IMPS,0
TXN00082,ACC0044,ACC0058,8943,2024-01-02 16:30:00,UPI,0
TXN00083,ACC0034,ACC0075,50000,2024-01-02 17:00:00,NEFT,1
TXN00084,ACC0074,ACC0029,50000,2024-01-02 17:30:00,NEFT,0
TXN00085,ACC0062,ACC0036,50000,2024-01-02 18:00:00,UPI,1
TXN00086,ACC0100,ACC0089,50000,2024-01-02 18:30:00,IMPS,0
TXN00087,ACC0014,ACC0021,8943,2024-01-02 19:00:00,UPI,1
TXN00088,ACC0095,ACC0036,50000,2024-01-02 19:30:00,IMPS,0
TXN00089,ACC0048,ACC0010,8943,2024-01-02 20:00:00,NEFT,0
TXN00090,ACC0015,ACC0073,8943,2024-01-02 20:30:00,IMPS,0
TXN00091,ACC0072,ACC0024,50000,2024-01-02 21:00:00,RTGS,0
TXN00092,ACC0078,ACC0064,8943,2024-01-02 21:30:00,NEFT,0
TXN00093,ACC0087,ACC0099,8943,2024-01-02 22:00:00,RTGS,0
TXN00094,ACC0062,ACC0049,8943,2024-01-02 22:30:00,UPI,0
TXN00095,ACC0040,ACC0099,8943,2024-01-02 23:00:00,UPI,1
TXN00096,ACC0085,ACC0036,50000,2024-01-02 23:30:00,UPI,0
TXN00097,ACC0080,ACC0082,50000,2024-01-03 00:00:00,IMPS,0
TXN00098,ACC0082,ACC0096,50000,2024-01-03 00:30:00,NEFT,0
TXN00099,ACC0053,ACC0024,50000,2024-01-03 01:00:00,UPI,0
TXN00100,ACC0024,ACC0023,8943,2024-01-03 01:30:00,UPI,0
TXN00101,ACC0026,ACC0062,8943,2024-01-03 02:00:00,NEFT,0
TXN00102,ACC0089,ACC0096,50000,2024-01-03 02:30:00,UPI,0
TXN00103,ACC0060,ACC0037,50000,2024-01-03 03:00:00,RTGS,0
TXN00104,ACC0041,ACC0012,50000,2024-01-03 03:30:00,NEFT,0
TXN00105,ACC0029,ACC0055,8943,2024-01-03 04:00:00,NEFT,0
TXN00106,ACC0015,ACC0013,50000,2024-01-03 04:30:00,NEFT,0
TXN00107,ACC0045,ACC0023,50000,2024-01-03 05:00:00,RTGS,0
TXN00108,ACC0065,ACC0089,50000,2024-01-03 05:30:00,NEFT,0
TXN00109,ACC0089,ACC0099,8943,2024-01-03 06:00:00,RTGS,0
TXN00110,ACC0071,ACC0030,8943,2024-01-03 06:30:00,NEFT,0
TXN00111,ACC0009,ACC0017,8943,2024-01-03 07:00:00,IMPS,0
TXN00112,ACC0088,ACC0062,8943,2024-01-03 07:30:00,UPI,0
TXN00113,ACC0001,ACC0084,8943,2024-01-03 08:00:00,IMPS,0
TXN00114,ACC0008,ACC0089,8943,2024-01-03 08:30:00,UPI,0
TXN00115,ACC0088,ACC0086,8943,2024-01-03 09:00:00,RTGS,0
TXN00116,ACC0063,ACC0013,8943,2024-01-03 09:30:00,IMPS,0
TXN00117,ACC0011,ACC0059,50000,2024-01-03 10:00:00,NEFT,0
TXN00118,ACC0081,ACC0019,50000,2024-01-03 10:30:00,UPI,1
TXN00119,ACC0008,ACC0049,8943,2024-01-03 11:00:00,UPI,0
TXN00120,ACC0035,ACC0100,8943,2024-01-03 11:30:00,IMPS,0
TXN00121,ACC0035,ACC0012,50000,2024-01-03 12:00:00,RTGS,0
TXN00122,ACC0033,ACC0061,8943,2024-01-03 12:30:00,IMPS,0
TXN00123,ACC0005,ACC0019,8943,2024-01-03 13:00:00,RTGS,0
TXN00124,ACC0041,ACC0076,8943,2024-01-03 13:30:00,RTGS,1
TXN00125,ACC0028,ACC0009,50000,2024-01-03 14:00:00,UPI,0
TXN00126,ACC0007,ACC0071,50000,2024-01-03 14:30:00,IMPS,0
TXN00127,ACC0073,ACC0028,50000,2024-01-03 15:00:00,IMPS,0
TXN00128,ACC0072,ACC0078,50000,2024-01-03 15:30:00,RTGS,0
TXN00129,ACC0012,ACC0095,50000,2024-01-03 16:00:00,IMPS,0
TXN00130,ACC0034,ACC0052,8943,2024-01-03 16:30:00,NEFT,0
TXN00131,ACC0033,ACC0083,50000,2024-01-03 17:00:00,NEFT,0
TXN00132,ACC0048,ACC0016,8943,2024-01-03 17:30:00,IMPS,0
TXN00133,ACC0023,ACC0069,8943,2024-01-03 18:00:00,IMPS,0
TXN00134,ACC0062,ACC0099,50000,2024-01-03 18:30:00,RTGS,0
TXN00135,ACC0088,ACC0012,50000,2024-01-03 19:00:00,NEFT,0
TXN00136,ACC0037,ACC0025,8943,2024-01-03 19:30:00,NEFT,0
TXN00137,ACC0099,ACC0052,8943,2024-01-03 20:00:00,UPI,0
TXN00138,ACC0044,ACC0085,8943,2024-01-03 20:30:00,RTGS,0
TXN00139,ACC0086,ACC0100,50000,2024-01-03 21:00:00,UPI,0
TXN00140,ACC0091,ACC0053,50000,2024-01-03 21:30:00,NEFT,0
TXN00141,ACC0035,ACC0023,50000,2024-01-03 22:00:00,RTGS,0
TXN00142,ACC0065,ACC0016,50000,2024-01-03 22:30:00,IMPS,0
TXN00143,ACC0099,ACC0057,50000,2024-01-03 23:00:00,RTGS,0
TXN00144,ACC0047,ACC0039,8943,2024-01-03 23:30:00,IMPS,0
TXN00145,ACC0078,ACC0053,50000,2024-01-04 00:00:00,IMPS,0
TXN00146,ACC0003,ACC0042,8943,2024-01-04 00:30:00,RTGS,0
TXN00147,ACC0001,ACC0058,8943,2024-01-04 01:00:00,IMPS,0
TXN00148,ACC0005,ACC0039,8943,2024-01-04 01:30:00,UPI,1
TXN00149,ACC0090,ACC0014,50000,2024-01-04 02:00:00,NEFT,0
TXN00150,ACC0014,ACC0095,50000,2024-01-04 02:30:00,IMPS,0
TXN00151,ACC0027,ACC0005,50000,2024-01-04 03:00:00,UPI,0
TXN00152,ACC0009,ACC0035,8943,2024-01-04 03:30:00,IMPS,1
TXN00153,ACC0079,ACC0087,8943,2024-01-04 04:00:00,NEFT,0
TXN00154,ACC0015,ACC0093,8943,2024-01-04 04:30:00,UPI,0
TXN00155,ACC0090,ACC0075,8943,2024-01-04 05:00:00,NEFT,0
TXN00156,ACC0042,ACC0018,8943,2024-01-04 05:30:00,NEFT,0
TXN00157,ACC0077,ACC0076,8943,2024-01-04 06:00:00,UPI,0
TXN00158,ACC0051,ACC0009,50000,2024-01-04 06:30:00,UPI,1
TXN00159,ACC0063,ACC0074,50000,2024-01-04 07:00:00,UPI,0
TXN00160,ACC0096,ACC0058,50000,2024-01-04 07:30:00,RTGS,0
TXN00161,ACC0052,ACC0017,50000,2024-01-04 08:00:00,UPI,0
TXN00162,ACC0096,ACC0007,8943,2024-01-04 08:30:00,UPI,0
TXN00163,ACC0004,ACC0046,8943,2024-01-04 09:00:00,UPI,0
TXN00164,ACC0094,ACC0013,50000,2024-01-04 09:30:00,UPI,0
TXN00165,ACC0023,ACC0040,8943,2024-01-04 10:00:00,IMPS,0
TXN00166,ACC0015,ACC0042,50000,2024-01-04 10:30:00,RTGS,0
TXN00167,ACC0043,ACC0009,50000,2024-01-04 11:00:00,NEFT,0
TXN00168,ACC0029,ACC0050,50000,2024-01-04 11:30:00,UPI,0
TXN00169,ACC0036,ACC0027,8943,2024-01-04 12:00:00,IMPS,1
TXN00170,ACC0013,ACC0066,50000,2024-01-04 12:30:00,IMPS,0
TXN00171,ACC0032,ACC0005,50000,2024-01-04 13:00:00,IMPS,1
TXN00172,ACC0071,ACC0029,50000,2024-01-04 13:30:00,NEFT,0
TXN00173,ACC0059,ACC0037,8943,2024-01-04 14:00:00,UPI,0
TXN00174,ACC0086,ACC0038,8943,2024-01-04 14:30:00,RTGS,0
TXN00175,ACC0028,ACC0083,50000,2024-01-04 15:00:00,RTGS,0
TXN00176,ACC0066,ACC0008,8943,2024-01-04 15:30:00,IMPS,0
TXN00177,ACC0042,ACC0065,8943,2024-01-04 16:00:00,NEFT,0
TXN00178,ACC0045,ACC0086,8943,2024-01-04 16:30:00,NEFT,0
TXN00179,ACC0062,ACC0017,8943,2024-01-04 17:00:00,NEFT,0
TXN00180,ACC0057,ACC0071,8943,2024-01-04 17:30:00,RTGS,1
TXN00181,ACC0006,ACC0089,8943,2024-01-04 18:00:00,IMPS,1
TXN00182,ACC0028,ACC0045,8943,2024-01-04 18:30:00,UPI,0
TXN00183,ACC0028,ACC0004,8943,2024-01-04 19:00:00,RTGS,0
TXN00184,ACC0044,ACC0036,8943,2024-01-04 19:30:00,IMPS,0
TXN00185,ACC0084,ACC0070,8943,2024-01-04 20:00:00,IMPS,0
TXN00186,ACC0030,ACC0031,50000,2024-01-04 20:30:00,UPI,0
TXN00187,ACC0062,ACC0019,50000,2024-01-04 21:00:00,UPI,0
TXN00188,ACC0075,ACC0061,8943,2024-01-04 21:30:00,UPI,0
TXN00189,ACC0092,ACC0054,50000,2024-01-04 22:00:00,NEFT,1
TXN00190,ACC0089,ACC0039,50000,2024-01-04 22:30:00,UPI,0
TXN00191,ACC0062,ACC0091,8943,2024-01-04 23:00:00,IMPS,0
TXN00192,ACC0097,ACC0074,8943,2024-01-04 23:30:00,UPI,0
TXN00193,ACC0001,ACC0090,8943,2024-01-05 00:00:00,IMPS,0
TXN00194,ACC0027,ACC0019,50000,2024-01-05 00:30:00,RTGS,0
TXN00195,ACC0062,ACC0039,50000,2024-01-05 01:00:00,NEFT,1
TXN00196,ACC0077,ACC0067,8943,2024-01-05 01:30:00,RTGS,0
TXN00197,ACC0003,ACC0045,8943,2024-01-05 02:00:00,RTGS,1
TXN00198,ACC0070,ACC0013,8943,2024-01-05 02:30:00,IMPS,0
TXN00199,ACC0072,ACC0092,50000,2024-01-05 03:00:00,RTGS,0
TXN00200,ACC0027,ACC0058,50000,2024-01-05 03:30:00,IMPS,0
TXN00201,ACC0009,ACC0020,50000,2024-01-05 04:00:00,UPI,0
TXN00202,ACC0062,ACC0092,50000,2024-01-05 04:30:00,UPI,1
TXN00203,ACC0037,ACC0072,8943,2024-01-05 05:00:00,IMPS,1
TXN00204,ACC0097,ACC0061,8943,2024-01-05 05:30:00,UPI,0
TXN00205,ACC0051,ACC0039,8943,2024-01-05 06:00:00,NEFT,0
TXN00206,ACC0044,ACC0001,8943,2024-01-05 06:30:00,RTGS,0
TXN00207,ACC0024,ACC0003,50000,2024-01-05 07:00:00,NEFT,1
TXN00208,ACC0079,ACC0077,50000,2024-01-05 07:30:00,RTGS,0
TXN00209,ACC0059,ACC0092,8943,2024-01-05 08:00:00,UPI,0
TXN00210,ACC0032,ACC0062,8943,2024-01-05 08:30:00,NEFT,0
TXN00211,ACC0096,ACC0063,50000,2024-01-05 09:00:00,UPI,0
TXN00212,ACC0088,ACC0025,8943,2024-01-05 09:30:00,RTGS,0
TXN00213,ACC0052,ACC0056,50000,2024-01-05 10:00:00,IMPS,0
TXN00214,ACC0062,ACC0033,8943,2024-01-05 10:30:00,IMPS,1
TXN00215,ACC0058,ACC0038,8943,2024-01-05 11:00:00,NEFT,0
TXN00216,ACC0052,ACC0006,8943,2024-01-05 11:30:00,UPI,0
TXN00217,ACC0012,ACC0058,8943,2024-01-05 12:00:00,UPI,1
TXN00218,ACC0039,ACC0044,8943,2024-01-05 12:30:00,NEFT,0
TXN00219,ACC0002,ACC0045,8943,2024-01-05 13:00:00,IMPS,1
TXN00220,ACC0003,ACC0032,8943,2024-01-05 13:30:00,RTGS,0
TXN00221,ACC0056,ACC0045,50000,2024-01-05 14:00:00,NEFT,0
TXN00222,ACC0081,ACC0061,50000,2024-01-05 14:30:00,RTGS,1
TXN00223,ACC0059,ACC0047,50000,2024-01-05 15:00:00,IMPS,0
TXN00224,ACC0002,ACC0021,50000,2024-01-05 15:30:00,UPI,0
TXN00225,ACC0002,ACC0080,50000,2024-01-05 16:00:00,IMPS,0
TXN00226,ACC0092,ACC0085,8943,2024-01-05 16:30:00,NEFT,0
TXN00227,ACC0054,ACC0075,8943,2024-01-05 17:00:00,UPI,0
TXN00228,ACC0087,ACC0036,50000,2024-01-05 17:30:00,NEFT,0
TXN00229,ACC0096,ACC0099,8943,2024-01-05 18:00:00,NEFT,1
TXN00230,ACC0097,ACC0019,50000,2024-01-05 18:30:00,IMPS,0
TXN00231,ACC0001,ACC0020,50000,2024-01-05 19:00:00,NEFT,0
TXN00232,ACC0019,ACC0057,8943,2024-01-05 19:30:00,IMPS,0
TXN00233,ACC0002,ACC0018,8943,2024-01-05 20:00:00,UPI,0
TXN00234,ACC0053,ACC0047,8943,2024-01-05 20:30:00,IMPS,0
TXN00235,ACC0044,ACC0049,50000,2024-01-05 21:00:00,UPI,1
TXN00236,ACC0090,ACC0014,8943,2024-01-05 21:30:00,IMPS,0
TXN00237,ACC0032,ACC0015,50000,2024-01-05 22:00:00,RTGS,0
TXN00238,ACC0070,ACC0031,50000,2024-01-05 22:30:00,RTGS,0
TXN00239,ACC0032,ACC0001,50000,2024-01-05 23:00:00,NEFT,0
TXN00240,ACC0068,ACC0054,8943,2024-01-05 23:30:00,IMPS,0
TXN00241,ACC0055,ACC0003,8943,2024-01-06 00:00:00,IMPS,0
TXN00242,ACC0075,ACC0016,50000,2024-01-06 00:30:00,UPI,0
TXN00243,ACC0056,ACC0087,8943,2024-01-06 01:00:00,NEFT,0
TXN00244,ACC0017,ACC0057,8943,2024-01-06 01:30:00,IMPS,0
TXN00245,ACC0038,ACC0075,8943,2024-01-06 02:00:00,NEFT,0
TXN00246,ACC0024,ACC0012,50000,2024-01-06 02:30:00,RTGS,0
TXN00247,ACC0069,ACC0074,50000,2024-01-06 03:00:00,IMPS,0
TXN00248,ACC0098,ACC0096,8943,2024-01-06 03:30:00,IMPS,0
TXN00249,ACC0070,ACC0016,50000,2024-01-06 04:00:00,NEFT,0
TXN00250,ACC0086,ACC0072,8943,2024-01-06 04:30:00,IMPS,0
TXN00251,ACC0011,ACC0076,8943,2024-01-06 05:00:00,NEFT,0
TXN00252,ACC0016,ACC0024,8943,2024-01-06 05:30:00,IMPS,0
TXN00253,ACC0097,ACC0028,8943,2024-01-06 06:00:00,UPI,0
TXN00254,ACC0073,ACC0008,50000,2024-01-06 06:30:00,NEFT,0
TXN00255,ACC0059,ACC0092,50000,2024-01-06 07:00:00,IMPS,0
TXN00256,ACC0070,ACC0036,50000,2024-01-06 07:30:00,RTGS,1
TXN00257,ACC0080,ACC0090,8943,2024-01-06 08:00:00,IMPS,0
TXN00258,ACC0093,ACC0008,8943,2024-01-06 08:30:00,RTGS,0
TXN00259,ACC0003,ACC0058,8943,2024-01-06 09:00:00,RTGS,0
TXN00260,ACC0020,ACC0060,50000,2024-01-06 09:30:00,UPI,0
TXN00261,ACC0059,ACC0050,8943,2024-01-06 10:00:00,NEFT,0
TXN00262,ACC0036,ACC0028,50000,2024-01-06 10:30:00,IMPS,1
TXN00263,ACC0019,ACC0092,50000,2024-01-06 11:00:00,UPI,0
TXN00264,ACC0090,ACC0041,50000,2024-01-06 11:30:00,IMPS,0
TXN00265,ACC0067,ACC0100,50000,2024-01-06 12:00:00,RTGS,0
TXN00266,ACC0019,ACC0064,50000,2024-01-06 12:30:00,NEFT,1
TXN00267,ACC0020,ACC0027,50000,2024-01-06 13:00:00,IMPS,0
TXN00268,ACC0096,ACC0063,8943,2024-01-06 13:30:00,IMPS,0
TXN00269,ACC0071,ACC0017,8943,2024-01-06 14:00:00,RTGS,0
TXN00270,ACC0052,ACC0073,50000,2024-01-06 14:30:00,IMPS,0
TXN00271,ACC0033,ACC0033,50000,2024-01-06 15:00:00,IMPS,1
TXN00272,ACC0040,ACC0084,8943,2024-01-06 15:30:00,RTGS,1
TXN00273,ACC0039,ACC0077,50000,2024-01-06 16:00:00,UPI,0
TXN00274,ACC0082,ACC0092,50000,2024-01-06 16:30:00,RTGS,1
TXN00275,ACC0001,ACC0029,8943,2024-01-06 17:00:00,UPI,0
TXN00276,ACC0011,ACC0013,50000,2024-01-06 17:30:00,NEFT,1
TXN00277,ACC0092,ACC0046,50000,2024-01-06 18:00:00,UPI,0
TXN00278,ACC0057,ACC0035,50000,2024-01-06 18:30:00,UPI,0
TXN00279,ACC0089,ACC0006,8943,2024-01-06 19:00:00,NEFT,0
TXN00280,ACC0050,ACC0082,8943,2024-01-06 19:30:00,UPI,0
TXN00281,ACC0023,ACC0069,8943,2024-01-06 20:00:00,RTGS,0
TXN00282,ACC0031,ACC0047,50000,2024-01-06 20:30:00,UPI,0
TXN00283,ACC0094,ACC0025,50000,2024-01-06 21:00:00,NEFT,0
TXN00284,ACC0042,ACC0066,8943,2024-01-06 21:30:00,RTGS,0
TXN00285,ACC0099,ACC0010,50000,2024-01-06 22:00:00,NEFT,0
TXN00286,ACC0007,ACC0056,50000,2024-01-06 22:30:00,NEFT,0
TXN00287,ACC0016,ACC0030,50000,2024-01-06 23:00:00,IMPS,1
TXN00288,ACC0090,ACC0005,50000,2024-01-06 23:30:00,IMPS,0
TXN00289,ACC0060,ACC0033,50000,2024-01-07 00:00:00,NEFT,0
TXN00290,ACC0002,ACC0065,8943,2024-01-07 00:30:00,NEFT,0
TXN00291,ACC0001,ACC0018,50000,2024-01-07 01:00:00,NEFT,1
TXN00292,ACC0048,ACC0096,8943,2024-01-07 01:30:00,IMPS,0
TXN00293,ACC0012,ACC0049,50000,2024-01-07 02:00:00,IMPS,0
TXN00294,ACC0069,ACC0011,8943,2024-01-07 02:30:00,UPI,0
TXN00295,ACC0037,ACC0085,50000,2024-01-07 03:00:00,UPI,1
TXN00296,ACC0032,ACC0026,8943,2024-01-07 03:30:00,NEFT,0
TXN00297,ACC0009,ACC0063,50000,2024-01-07 04:00:00,RTGS,0
TXN00298,ACC0099,ACC0089,8943,2024-01-07 04:30:00,RTGS,0
TXN00299,ACC0019,ACC0086,50000,2024-01-07 05:00:00,IMPS,1
TXN00300,ACC0048,ACC0059,8943,2024-01-07 05:30:00,IMPS,0
TXN00301,ACC0080,ACC0027,50000,2024-01-07 06:00:00,IMPS,0
TXN00302,ACC0003,ACC0049,8943,2024-01-07 06:30:00,NEFT,1
TXN00303,ACC0020,ACC0077,8943,2024-01-07 07:00:00,RTGS,0
TXN00304,ACC0024,ACC0033,50000,2024-01-07 07:30:00,UPI,0
TXN00305,ACC0054,ACC0098,50000,2024-01-07 08:00:00,NEFT,0
TXN00306,ACC0033,ACC0099,8943,2024-01-07 08:30:00,UPI,0
TXN00307,ACC0024,ACC0001,50000,2024-01-07 09:00:00,UPI,0
TXN00308,ACC0075,ACC0021,8943,2024-01-07 09:30:00,NEFT,0
TXN00309,ACC0072,ACC0055,8943,2024-01-07 10:00:00,UPI,0
TXN00310,ACC0036,ACC0006,8943,2024-01-07 10:30:00,RTGS,0
TXN00311,ACC0038,ACC0092,50000,2024-01-07 11:00:00,UPI,1
TXN00312,ACC0084,ACC0081,8943,2024-01-07 11:30:00,RTGS,0
TXN00313,ACC0099,ACC0069,8943,2024-01-07 12:00:00,RTGS,1
TXN00314,ACC0089,ACC0095,50000,2024-01-07 12:30:00,RTGS,0
TXN00315,ACC0099,ACC0005,50000,2024-01-07 13:00:00,IMPS,1
TXN00316,ACC0025,ACC0003,50000,2024-01-07 13:30:00,UPI,0
TXN00317,ACC0093,ACC0053,50000,2024-01-07 14:00:00,NEFT,0
TXN00318,ACC0018,ACC0023,8943,2024-01-07 14:30:00,NEFT,0
TXN00319,ACC0082,ACC0053,8943,2024-01-07 15:00:00,UPI,1
TXN00320,ACC0066,ACC0037,8943,2024-01-07 15:30:00,IMPS,0
TXN00321,ACC0054,ACC0074,8943,2024-01-07 16:00:00,IMPS,0
TXN00322,ACC0035,ACC0074,50000,2024-01-07 16:30:00,RTGS,0
TXN00323,ACC0080,ACC0083,8943,2024-01-07 17:00:00,UPI,0
TXN00324,ACC0061,ACC0017,8943,2024-01-07 17:30:00,UPI,0
TXN00325,ACC0041,ACC0085,50000,2024-01-07 18:00:00,NEFT,0
TXN00326,ACC0100,ACC0078,8943,2024-01-07 18:30:00,UPI,0
TXN00327,ACC0033,ACC0073,8943,2024-01-07 19:00:00,IMPS,0
TXN00328,ACC0068,ACC0001,8943,2024-01-07 19:30:00,UPI,0
TXN00329,ACC0033,ACC0051,8943,2024-01-07 20:00:00,NEFT,0
TXN00330,ACC0014,ACC0045,8943,2024-01-07 20:30:00,RTGS,0
TXN00331,ACC0021,ACC0077,8943,2024-01-07 21:00:00,NEFT,0
TXN00332,ACC0048,ACC0004,50000,2024-01-07 21:30:00,NEFT,0
TXN00333,ACC0020,ACC0062,50000,2024-01-07 22:00:00,RTGS,0
TXN00334,ACC0008,ACC0065,8943,2024-01-07 22:30:00,NEFT,0
TXN00335,ACC0007,ACC0032,8943,2024-01-07 23:00:00,NEFT,0
TXN00336,ACC0067,ACC0034,50000,2024-01-07 23:30:00,UPI,0
TXN00337,ACC0017,ACC0092,8943,2024-01-08 00:00:00,UPI,0
TXN00338,ACC0033,ACC0095,8943,2024-01-08 00:30:00,RTGS,0
TXN00339,ACC0048,ACC0072,8943,2024-01-08 01:00:00,UPI,0
TXN00340,ACC0076,ACC0039,50000,2024-01-08 01:30:00,UPI,0
TXN00341,ACC0059,ACC0026,8943,2024-01-08 02:00:00,NEFT,0
TXN00342,ACC0086,ACC0034,50000,2024-01-08 02:30:00,IMPS,0
TXN00343,ACC0022,ACC0054,8943,2024-01-08 03:00:00,UPI,0
TXN00344,ACC0030,ACC0003,50000,2024-01-08 03:30:00,IMPS,0
TXN00345,ACC0038,ACC0050,50000,2024-01-08 04:00:00,UPI,0
TXN00346,ACC0051,ACC0012,8943,2024-01-08 04:30:00,UPI,1
TXN00347,ACC0054,ACC0065,50000,2024-01-08 05:00:00,RTGS,0
TXN00348,ACC0008,ACC0054,8943,2024-01-08 05:30:00,RTGS,0
TXN00349,ACC0027,ACC0005,50000,2024-01-08 06:00:00,RTGS,0
TXN00350,ACC0027,ACC0094,8943,2024-01-08 06:30:00,IMPS,0
TXN00351,ACC0098,ACC0094,8943,2024-01-08 07:00:00,NEFT,0
TXN00352,ACC0021,ACC0057,50000,2024-01-08 07:30:00,UPI,0
TXN00353,ACC0030,ACC0017,8943,2024-01-08 08:00:00,UPI,0
TXN00354,ACC0097,ACC0047,8943,2024-01-08 08:30:00,UPI,0
TXN00355,ACC0028,ACC0023,50000,2024-01-08 09:00:00,IMPS,0
TXN00356,ACC0064,ACC0079,8943,2024-01-08 09:30:00,RTGS,0
TXN00357,ACC0097,ACC0085,8943,2024-01-08 10:00:00,NEFT,0
TXN00358,ACC0069,ACC0014,50000,2024-01-08 10:30:00,IMPS,0
TXN00359,ACC0061,ACC0066,50000,2024-01-08 11:00:00,RTGS,1
TXN00360,ACC0048,ACC0075,8943,2024-01-08 11:30:00,IMPS,0
TXN00361,ACC0019,ACC0051,8943,2024-01-08 12:00:00,NEFT,0
TXN00362,ACC0004,ACC0038,50000,2024-01-08 12:30:00,RTGS,0
TXN00363,ACC0035,ACC0064,50000,2024-01-08 13:00:00,IMPS,0
TXN00364,ACC0064,ACC0098,8943,2024-01-08 13:30:00,NEFT,1
TXN00365,ACC0049,ACC0038,50000,2024-01-08 14:00:00,UPI,0
TXN00366,ACC0017,ACC0050,8943,2024-01-08 14:30:00,NEFT,1
TXN00367,ACC0044,ACC0098,8943,2024-01-08 15:00:00,UPI,0
TXN00368,ACC0092,ACC0082,8943,2024-01-08 15:30:00,IMPS,1
TXN00369,ACC0030,ACC0030,8943,2024-01-08 16:00:00,RTGS,0
TXN00370,ACC0093,ACC0079,8943,2024-01-08 16:30:00,RTGS,0
TXN00371,ACC0046,ACC0091,50000,2024-01-08 17:00:00,IMPS,0
TXN00372,ACC0006,ACC0051,50000,2024-01-08 17:30:00,RTGS,0
TXN00373,ACC0099,ACC0063,50000,2024-01-08 18:00:00,RTGS,0
TXN00374,ACC0037,ACC0098,50000,2024-01-08 18:30:00,UPI,0
TXN00375,ACC0024,ACC0052,8943,2024-01-08 19:00:00,IMPS,0
TXN00376,ACC0093,ACC0038,8943,2024-01-08 19:30:00,NEFT,0
TXN00377,ACC0046,ACC0097,8943,2024-01-08 20:00:00,UPI,0
TXN00378,ACC0053,ACC0088,8943,2024-01-08 20:30:00,IMPS,0
TXN00379,ACC0095,ACC0079,50000,2024-01-08 21:00:00,UPI,0
TXN00380,ACC0099,ACC0030,8943,2024-01-08 21:30:00,NEFT,0
TXN00381,ACC0060,ACC0051,8943,2024-01-08 22:00:00,NEFT,0
TXN00382,ACC0097,ACC0081,50000,2024-01-08 22:30:00,IMPS,0
TXN00383,ACC0063,ACC0005,50000,2024-01-08 23:00:00,NEFT,0
TXN00384,ACC0085,ACC0029,50000,2024-01-08 23:30:00,UPI,0
TXN00385,ACC0032,ACC0004,50000,2024-01-09 00:00:00,NEFT,0
TXN00386,ACC0087,ACC0010,8943,2024-01-09 00:30:00,UPI,0
TXN00387,ACC0033,ACC0056,8943,2024-01-09 01:00:00,UPI,0
TXN00388,ACC0067,ACC0017,50000,2024-01-09 01:30:00,NEFT,0
TXN00389,ACC0018,ACC0074,8943,2024-01-09 02:00:00,IMPS,0
TXN00390,ACC0025,ACC0017,8943,2024-01-09 02:30:00,RTGS,0
TXN00391,ACC0095,ACC0084,8943,2024-01-09 03:00:00,NEFT,1
TXN00392,ACC0054,ACC0088,50000,2024-01-09 03:30:00,UPI,0
TXN00393,ACC0058,ACC0069,8943,2024-01-09 04:00:00,UPI,0
TXN00394,ACC0067,ACC0034,50000,2024-01-09 04:30:00,NEFT,0
TXN00395,ACC0046,ACC0006,8943,2024-01-09 05:00:00,IMPS,0
TXN00396,ACC0024,ACC0053,8943,2024-01-09 05:30:00,IMPS,0
TXN00397,ACC0032,ACC0066,8943,2024-01-09 06:00:00,UPI,1
TXN00398,ACC0047,ACC0077,50000,2024-01-09 06:30:00,UPI,0
TXN00399,ACC0086,ACC0043,8943,2024-01-09 07:00:00,IMPS,0
TXN00400,ACC0023,ACC0075,50000,2024-01-09 07:30:00,RTGS,1
TXN00401,ACC0066,ACC0023,50000,2024-01-09 08:00:00,NEFT,0
TXN00402,ACC0027,ACC0055,50000,2024-01-09 08:30:00,UPI,0
TXN00403,ACC0002,ACC0080,8943,2024-01-09 09:00:00,UPI,0
TXN00404,ACC0090,ACC0095,8943,2024-01-09 09:30:00,IMPS,0
TXN00405,ACC0017,ACC0075,8943,2024-01-09 10:00:00,NEFT,0
TXN00406,ACC0033,ACC0016,8943,2024-01-09 10:30:00,IMPS,1
TXN00407,ACC0009,ACC0008,50000,2024-01-09 11:00:00,NEFT,0
TXN00408,ACC0043,ACC0004,50000,2024-01-09 11:30:00,NEFT,0
TXN00409,ACC0048,ACC0004,50000,2024-01-09 12:00:00,NEFT,0
TXN00410,ACC0039,ACC0056,8943,2024-01-09 12:30:00,UPI,0
TXN00411,ACC0093,ACC0025,50000,2024-01-09 13:00:00,RTGS,0
TXN00412,ACC0042,ACC0067,8943,2024-01-09 13:30:00,IMPS,0
TXN00413,ACC0026,ACC0096,50000,2024-01-09 14:00:00,RTGS,0
TXN00414,ACC0099,ACC0067,8943,2024-01-09 14:30:00,IMPS,0
TXN00415,ACC0050,ACC0027,8943,2024-01-09 15:00:00,NEFT,0
TXN00416,ACC0025,ACC0093,50000,2024-01-09 15:30:00,UPI,0
TXN00417,ACC0024,ACC0032,50000,2024-01-09 16:00:00,RTGS,0
TXN00418,ACC0013,ACC0050,50000,2024-01-09 16:30:00,UPI,0
TXN00419,ACC0060,ACC0061,50000,2024-01-09 17:00:00,IMPS,0
TXN00420,ACC0007,ACC0051,8943,2024-01-09 17:30:00,UPI,1
TXN00421,ACC0057,ACC0019,50000,2024-01-09 18:00:00,UPI,0
TXN00422,ACC0036,ACC0021,50000,2024-01-09 18:30:00,RTGS,0
TXN00423,ACC0045,ACC0005,50000,2024-01-09 19:00:00,NEFT,0
TXN00424,ACC0020,ACC0082,8943,2024-01-09 19:30:00,UPI,0
TXN00425,ACC0065,ACC0092,8943,2024-01-09 20:00:00,NEFT,0
TXN00426,ACC0008,ACC0042,50000,2024-01-09 20:30:00,IMPS,0
TXN00427,ACC0016,ACC0061,8943,2024-01-09 21:00:00,UPI,0
TXN00428,ACC0014,ACC0022,50000,2024-01-09 21:30:00,RTGS,0
TXN00429,ACC0076,ACC0021,8943,2024-01-09 22:00:00,IMPS,0
TXN00430,ACC0087,ACC0070,8943,2024-01-09 22:30:00,IMPS,0
TXN00431,ACC0015,ACC0001,8943,2024-01-09 23:00:00,RTGS,1
TXN00432,ACC0092,ACC0005,8943,2024-01-09 23:30:00,UPI,0
TXN00433,ACC0098,ACC0012,50000,2024-01-10 00:00:00,UPI,0
TXN00434,ACC0066,ACC0090,50000,2024-01-10 00:30:00,IMPS,0
TXN00435,ACC0032,ACC0046,50000,2024-01-10 01:00:00,UPI,0
TXN00436,ACC0087,ACC0034,8943,2024-01-10 01:30:00,NEFT,0
TXN00437,ACC0063,ACC0049,50000,2024-01-10 02:00:00,RTGS,0
TXN00438,ACC0086,ACC0078,50000,2024-01-10 02:30:00,NEFT,1
TXN00439,ACC0051,ACC0090,50000,2024-01-10 03:00:00,UPI,0
TXN00440,ACC0025,ACC0045,8943,2024-01-10 03:30:00,IMPS,0
TXN00441,ACC0058,ACC0027,8943,2024-01-10 04:00:00,RTGS,0
TXN00442,ACC0063,ACC0073,8943,2024-01-10 04:30:00,UPI,0
TXN00443,ACC0062,ACC0026,50000,2024-01-10 05:00:00,UPI,0
TXN00444,ACC0022,ACC0047,50000,2024-01-10 05:30:00,IMPS,0
TXN00445,ACC0058,ACC0086,50000,2024-01-10 06:00:00,IMPS,0
TXN00446,ACC0058,ACC0056,8943,2024-01-10 06:30:00,NEFT,1
TXN00447,ACC0086,ACC0094,8943,2024-01-10 07:00:00,RTGS,0
TXN00448,ACC0049,ACC0063,50000,2024-01-10 07:30:00,RTGS,0
TXN00449,ACC0052,ACC0048,8943,2024-01-10 08:00:00,IMPS,0
TXN00450,ACC0042,ACC0061,8943,2024-01-10 08:30:00,NEFT,0
TXN00451,ACC0070,ACC0081,8943,2024-01-10 09:00:00,RTGS,0
TXN00452,ACC0015,ACC0026,8943,2024-01-10 09:30:00,IMPS,0
TXN00453,ACC0054,ACC0036,50000,2024-01-10 10:00:00,UPI,0
TXN00454,ACC0060,ACC0001,8943,2024-01-10 10:30:00,RTGS,0
TXN00455,ACC0097,ACC0008,8943,2024-01-10 11:00:00,NEFT,0
TXN00456,ACC0008,ACC0099,8943,2024-01-10 11:30:00,NEFT,0
TXN00457,ACC0053,ACC0052,8943,2024-01-10 12:00:00,NEFT,1
TXN00458,ACC0060,ACC0079,50000,2024-01-10 12:30:00,UPI,0
TXN00459,ACC0005,ACC0047,50000,2024-01-10 13:00:00,RTGS,0
TXN00460,ACC0068,ACC0056,8943,2024-01-10 13:30:00,RTGS,0
TXN00461,ACC0006,ACC0086,8943,2024-01-10 14:00:00,UPI,0
TXN00462,ACC0096,ACC0014,8943,2024-01-10 14:30:00,RTGS,0
TXN00463,ACC0094,ACC0090,8943,2024-01-10 15:00:00,UPI,1
TXN00464,ACC0047,ACC0028,8943,2024-01-10 15:30:00,UPI,0
TXN00465,ACC0099,ACC0087,8943,2024-01-10 16:00:00,UPI,0
TXN00466,ACC0055,ACC0078,50000,2024-01-10 16:30:00,NEFT,0
TXN00467,ACC0040,ACC0088,8943,2024-01-10 17:00:00,RTGS,0
TXN00468,ACC0052,ACC0002,50000,2024-01-10 17:30:00,UPI,0
TXN00469,ACC0016,ACC0026,50000,2024-01-10 18:00:00,RTGS,0
TXN00470,ACC0013,ACC0014,8943,2024-01-10 18:30:00,NEFT,1
TXN00471,ACC0030,ACC0059,50000,2024-01-10 19:00:00,UPI,0
TXN00472,ACC0019,ACC0056,50000,2024-01-10 19:30:00,IMPS,0
TXN00473,ACC0017,ACC0007,50000,2024-01-10 20:00:00,NEFT,0
TXN00474,ACC0063,ACC0003,50000,2024-01-10 20:30:00,IMPS,0
TXN00475,ACC0019,ACC0023,50000,2024-01-10 21:00:00,RTGS,0
TXN00476,ACC0092,ACC0018,50000,2024-01-10 21:30:00,RTGS,0
TXN00477,ACC0058,ACC0038,8943,2024-01-10 22:00:00,NEFT,0
TXN00478,ACC0055,ACC0099,50000,2024-01-10 22:30:00,RTGS,0
TXN00479,ACC0090,ACC0015,50000,2024-01-10 23:00:00,IMPS,0
TXN00480,ACC0090,ACC0064,50000,2024-01-10 23:30:00,UPI,0
TXN00481,ACC0062,ACC0089,8943,2024-01-11 00:00:00,UPI,1
TXN00482,ACC0023,ACC0028,50000,2024-01-11 00:30:00,UPI,0
TXN00483,ACC0009,ACC0074,8943,2024-01-11 01:00:00,NEFT,0
TXN00484,ACC0012,ACC0039,50000,2024-01-11 01:30:00,RTGS,0
TXN00485,ACC0001,ACC0057,8943,2024-01-11 02:00:00,IMPS,1
TXN00486,ACC0058,ACC0017,8943,2024-01-11 02:30:00,RTGS,1
TXN00487,ACC0001,ACC0086,50000,2024-01-11 03:00:00,RTGS,0
TXN00488,ACC0034,ACC0090,50000,2024-01-11 03:30:00,RTGS,0
TXN00489,ACC0096,ACC0044,8943,2024-01-11 04:00:00,UPI,0
TXN00490,ACC0048,ACC0025,50000,2024-01-11 04:30:00,IMPS,0
TXN00491,ACC0089,ACC0017,8943,2024-01-11 05:00:00,IMPS,0
TXN00492,ACC0001,ACC0013,8943,2024-01-11 05:30:00,RTGS,0
TXN00493,ACC0016,ACC0084,8943,2024-01-11 06:00:00,UPI,0
TXN00494,ACC0061,ACC0025,8943,2024-01-11 06:30:00,UPI,0
TXN00495,ACC0064,ACC0068,8943,2024-01-11 07:00:00,IMPS,0
TXN00496,ACC0063,ACC0010,50000,2024-01-11 07:30:00,UPI,0
TXN00497,ACC0069,ACC0067,8943,2024-01-11 08:00:00,UPI,0
TXN00498,ACC0022,ACC0018,8943,2024-01-11 08:30:00,UPI,0
TXN00499,ACC0093,ACC0100,50000,2024-01-11 09:00:00,NEFT,0
TXN00500,ACC0067,ACC0086,8943,2024-01-11 09:30:00,RTGS,0
